name|given_name|family_name|gender|birthdate|email|address
GABRIEL RONICK|GABRIEL|RONICK|Other|22/11/2020|ella780@yahoo.com|Gubat balayan
REY PAUL|REY|PAUL|Male|09/03/2021|arnold288@yahoo.com|Pura navotas
DENNIS REY|DENNIS|REY|Other|19/04/2021|joel993@gmail.com|Cabusao pinabacdao
CHRISTIAN AIRA|CHRISTIAN|AIRA|Other|27/03/2021|arnold288@yahoo.com|Gitagum mobo
KIMBERLY MARKY|KIMBERLY|MARKY|Male|15/04/2021|ella780@yahoo.com|Cabusao san juan
